fy,state,n_districts,sped_enroll,current_sped_exp,state_sped_rev,federal_sped_rev,state_fed_sped_rev,current_sped_exp_adjusted,state_sped_rev_adjusted,federal_sped_rev_adjusted,state_fed_sped_rev_adjusted,n_disproportionate,total_sped_pp_expenditure,state_fed_sped_pp_funding,local_sped_pp_obligation,total_sped_pp_expenditure_adjusted,state_fed_sped_pp_funding_adjusted,local_sped_pp_obligation_adjusted,pct_disproportionate
fy20,Alabama,138,95318,760321000,1133000,174955000,176088000,885811060.3176144,1320000.2779613577,203831110.8832564,205151111.16121772,138,7976.678067101701,1847.374053169391,6129.30401393231,9293.219122491182,2152.280903514737,7140.938218976446,1
fy20,Arkansas,234,65332,453798000,294368000,120794000,415162000,528696810.36037815,342953081.9266805,140730903.4210629,483683985.34774333,34,6946.029510806343,6354.6500948998955,591.3794159064473,8092.463270072524,7403.477397718474,688.9858723540501,0.1452991452991453
fy20,California,808,702690,10886839000,1855449000,1338797000,3194246000,12683698593.222006,2161688610.5411496,1559763823.5956173,3721452434.1367664,769,15493.0894135394,4545.739942222032,10947.349471317368,18050.205059445852,5296.008814892437,12754.196244553415,0.9517326732673267
fy20,Connecticut,165,83533,2071119000,507878000,123030000,630908000,2412954682.8694158,591702648.8706608,143335952.51331508,735038601.3839761,150,24794.021524427473,7552.799492416171,17241.2220320113,28886.24475200718,8799.379902361654,20086.864849645528,0.9090909090909091
fy20,Georgia,179,220973,2489238000,1571475000,327198000,1898673000,2900083717.4862967,1830845045.7275598,381201633.6702564,2212046679.3978148,12,11264.896616328691,8592.330284695416,2672.5663316332757,13124.154161306118,10010.483993057138,3113.67016824898,0.0670391061452514
fy20,Idaho,110,33632,279031000,3884000,52712000,56596000,325084728.6494578,4525049.496559499,61412051.766901255,65937101.26346075,110,8296.59253092293,1682.802093244529,6613.790437678401,9665.935081156571,1960.5465408973819,7705.3885402591895,1
fy20,Iowa,326,69653,900416000,3638000,32296000,35934000,1049028570.4155807,4238447.49446021,37626415.69023832,41864863.184698515,326,12927.167530472485,515.9002483740829,12411.267282098403,15060.780876854991,601.0489596241155,14459.731917230876,1
fy20,Maine,172,31457,496245000,4529000,45570000,50099000,578149636.3079734,5276505.965478368,53091273.315709695,58367779.28118807,169,15775.344120545507,1592.6184950885336,14182.725625456973,18379.045564038955,1855.478249076138,16523.567314962816,0.9825581395348837
fy20,Maryland,24,112799,1993739000,414611000,198677000,613288000,2322803207.5749335,483042043.46499246,231468398.2564242,714510441.7214167,24,17675.147829324727,5436.998554951729,12238.149274372998,20592.409574330744,6334.368582358148,14258.040991972597,1
fy20,Mississippi,136,68358,359716000,4681000,116053000,120734000,419086690.1916576,5453593.381409632,135207407.11231205,140661000.49372166,135,5262.237046139442,1766.201468738114,3496.035577401328,6130.762898148828,2057.710882321333,4073.052015827495,0.9926470588235294
fy20,Missouri,482,116864,1150315000,180870000,145739000,326609000,1340173097.7432647,210722374.47031862,169793045.4632042,380515419.93352246,448,9843.193797918948,2794.7785460021905,7048.415251916757,11467.801014369392,3256.0533606031154,8211.747653766277,0.9294605809128631
fy20,Montana,274,19287,168079000,38727000,24801000,63528000,195820235.40994453,45118844.45243556,28894375.01652218,74013219.46895777,246,8714.62643231192,3293.824856120703,5420.801576191217,10152.964971739748,3837.466659872337,6315.498311867411,0.8978102189781022
fy20,Nebraska,244,52774,578903000,226439000,59549000,285988000,674450239.1109124,263812482.73723912,69377490.33744122,333189973.07468045,35,10969.473604426423,5419.1078940387315,5550.365710387691,12779.971939040293,6313.525089526669,6466.446849513624,0.14344262295081966
fy20,Nevada,17,58057,644586000,206724000,67783000,274507000,750974138.7202115,240843545.86168024,78970502.06624421,319814047.9279245,5,11102.640508465818,4728.232598997537,6374.407909468281,12935.117879329133,5508.621663674054,7426.496215655079,0.29411764705882354
fy20,New Jersey,542,231222,3883617000,1188916000,331921000,1520837000,4524603282.873307,1385145146.0482845,386704159.10080445,1771849305.1490872,267,16796.053143732,6577.388829782633,10218.664313949364,19568.221375445708,7662.978891061782,11905.242484383925,0.492619926199262
fy20,North Dakota,126,15515,197919000,7590000,18869000,26459000,230585291.27434608,8842720.308673175,21983305.60004665,30826025.908719823,124,12756.622623267805,1705.381888495005,11051.2407347728,14862.087739242415,1986.8531040103012,12875.234635232115,0.9841269841269841
fy20,South Dakota,147,22062,231001000,63413000,34348000,97761000,269127435.3127552,73879238.85822025,40017095.80531043,113896334.66353068,139,10470.5375759224,4431.193908077237,6039.3436678451635,12198.687123232492,5162.557096524824,7036.130026707668,0.9455782312925171
fy20,Utah,41,76953,493224000,350132000,102582000,452714000,574630023.9163395,407920862.59767526,119513034.87540343,527433897.4730786,4,6409.418736111653,5882.993515522462,526.4252205891908,7467.2855368385835,6853.974471080772,613.3110657578118,0.0975609756097561
fy20,Virginia,132,179081,2628578000,525262000,266097000,791359000,3062421615.7485514,611955857.0190102,310015987.6122537,921971844.6312634,125,14678.15122765676,4419.000340627984,10259.150887028776,17100.76231285592,5148.350995534219,11952.411317321701,0.946969696969697
fy20,Washington,269,150958,2361186000,1858197000,225312000,2083509000,2750896889.954517,2164890164.6133814,262499472.7520121,2427389637.3653917,120,15641.34394997284,13801.911790034314,1839.4321599385257,18222.928827584605,16079.900617161009,2143.0282104235957,0.44609665427509293
fy20,West Virginia,55,46980,435523000,6260000,78370000,84630000,507405543.7410102,7293205.419274582,91304873.59561484,98598079.0148894,55,9270.39165602384,1801.4048531289911,7468.986802894849,10800.458572605581,2098.724542675381,8701.7340299302,1
fy21,Alabama,116,85793,740889000,927000,173487000,174414000,843751732.9797974,1055701.8075207921,197573397.49876976,198629099.30629054,116,8635.774480435466,2032.9630622544962,6602.81141818097,9834.73864977093,2315.213354309682,7519.525295461248,1
fy21,Arkansas,234,63586,460429000,319137000,125657000,444794000,524353535.6364518,363444992.1755802,143102828.5087811,506547820.68436146,32,7241.043625955399,6995.156166451735,245.8874595036641,8246.367685283738,7966.341972829891,280.0257124538466,0.13675213675213677
fy21,California,726,670678,12637155000,2046052000,1282428000,3328480000,14391658441.66171,2330119519.613302,1460476329.682064,3790595849.2953615,708,18842.35803172312,4962.858480522695,13879.499551200426,21458.372634351672,5651.886373632893,15806.486260718779,0.9752066115702479
fy21,Connecticut,154,76278,2077412000,505306000,118545000,623851000,2365833444.8386006,575461119.2568513,135003420.46661517,710464539.7234664,143,27234.74658486064,8178.649151786884,19056.097433073755,31015.93440885446,9314.147456979292,21701.78695187517,0.9285714285714286
fy21,Georgia,170,207063,2489837000,1521137000,327646000,1848783000,2835518253.8642335,1732326947.5585256,373135355.3688862,2105462302.9274127,19,12024.53842550335,8928.601440141407,3095.936985361943,13693.988080266554,10168.220797184493,3525.767283082061,0.11176470588235295
fy21,Idaho,89,29833,267155000,4288000,49604000,53892000,304245972.37132394,4883332.632846983,56490865.65292487,61374198.28577186,89,8955.016257164885,1806.4559380551739,7148.560319109712,10198.302965552373,2057.258682860318,8141.044282692055,1
fy21,Iowa,278,62686,883304000,3318000,31895000,35213000,1005939190.2808471,3778660.8385695643,36323202.96750341,40101863.80607298,278,14090.92939412309,561.7362728519925,13529.193121271097,16047.270367878746,639.7259963320834,15407.544371546663,1
fy21,Maine,131,19231,311616000,2695000,25671000,28366000,354879799.84077555,3069165.4490491184,29235082.093706846,32304247.54275597,131,16203.837553949352,1475.014299828402,14728.823254120949,18453.528149382535,1679.800714614735,16773.7274347678,1
fy21,Maryland,24,100117,1552352000,415153000,193814000,608967000,1767875741.4331346,472791556.09242624,220722535.19183898,693514091.284265,24,15505.378706912912,6082.553412507366,9422.825294405546,17658.097440326164,6927.036280394589,10731.061159931574,1
fy21,Mississippi,135,62085,471698000,4234000,115992000,120226000,537187088.6773921,4821835.4401758695,132095969.8575531,136917805.29772887,134,7597.616171377949,1936.4741886123863,5661.141982765563,8652.445658007444,2205.3282644395404,6447.1173935679035,0.9925925925925926
fy21,Missouri,415,99441,1140544000,182195000,148592000,330787000,1298893594.775614,207490389.23543772,169222052.840485,376712442.0759223,389,11469.554811395701,3326.464939009061,8143.08987238664,13061.95226089454,3788.3010234804788,9273.651237414062,0.9373493975903614
fy21,Montana,211,16075,151960000,35917000,24142000,60059000,173057655.52412027,40903604.98460008,27493800.471593264,68397405.4561933,201,9453.188180404355,3736.1741835147745,5717.01399688958,10765.639534937498,4254.893029934265,6510.746505003233,0.95260663507109
fy21,Nebraska,182,45697,566207000,212573000,59163000,271736000,644817425.3839533,242085976.62364325,67377007.59261332,309462984.2162565,33,12390.463268923562,5946.47351029608,6443.989758627482,14110.716795062111,6772.063466228778,7338.653328833333,0.1813186813186813
fy21,Nevada,14,52904,676061000,209325000,81915000,291240000,769923214.3412232,238387034.36816582,93287824.7713761,331674859.1395419,7,12779.014819295327,5505.065779525177,7273.94903977015,14553.213638689385,6269.372053900309,8283.841584789076,0.5
fy21,New Jersey,505,212666,3768428000,1322417000,344944000,1667361000,4291624866.355945,1506017278.5288284,392834956.08786637,1898852234.6166935,233,17719.936426132997,7840.280063573867,9879.65636255913,20180.117491070247,8928.800253057345,11251.317238012902,0.4613861386138614
fy21,North Dakota,95,13194,200558000,6743000,27072000,33815000,228402851.25432026,7679177.225580042,30830592.592451856,38509769.81803189,93,15200.697286645445,2562.9073821433985,12637.789904502046,17311.11499577992,2918.7335014424657,14392.381494337455,0.9789473684210527
fy21,South Dakota,110,18490,224149000,65508000,32776000,98284000,255269152.59328786,74602927.73146926,37326518.27756361,111929446.00903288,110,12122.714981070849,5315.5219037317465,6807.193077339102,13805.795164591014,6053.512493728116,7752.282670862898,1
fy21,Utah,39,67317,504521000,350790000,107609000,458399000,574567132.2893175,399492596.612965,122549100.1138132,522041696.7267783,3,7494.70416091032,6809.557764012063,685.1463968982571,8535.24566289819,7754.975663306123,780.2699995920675,0.07692307692307693
fy21,Virginia,130,163009,2645300000,528961000,267708000,796669000,3012565255.053667,602400306.1575032,304875749.1777521,907276055.3352551,124,16227.938334693177,4887.270028035262,11340.668306657915,18480.97500784415,5565.80345462677,12915.17155321738,0.9538461538461539
fy21,Washington,244,134889,2358761000,1705247000,221262000,1926509000,2686244068.187216,1941998209.4599857,251981330.45918593,2193979539.919173,148,17486.681641942636,14282.180162948795,3204.5014789938414,19914.47833542554,16265.073800822696,3649.404534602845,0.6065573770491803
fy21,West Virginia,54,42376,433369000,5440000,72269000,77709000,493536609.0868156,6195272.743164081,82302604.021273,88497876.76443711,54,10226.755710779687,1833.7974325089674,8392.95827827072,11646.606784189531,2088.3961856814494,9558.210598508082,1
fy22,Alabama,132,89095,797732000,911000,185336000,186247000,847686245.1413884,968047.1252548537,196941802.42177132,197909849.5470262,132,8953.723553510297,2090.431561816039,6863.291991694258,9514.408722615057,2221.3350866718242,7293.073635943232,1
fy22,Arkansas,233,65022,480880000,316350000,123562000,439912000,510992866.73167276,336159943.00150734,131299493.8427445,467459436.8442516,44,7395.650702839039,6765.587032081449,630.0636707575895,7858.7688279608865,7189.250359020817,669.5184689400694,0.1888412017167382
fy22,California,716,682042,13859304000,2314622000,1482203000,3796825000,14727178260.409552,2459564405.2158513,1575019048.511657,4034583453.727505,698,20320.30871999085,5566.849255617689,14753.459464373162,21592.773260898233,5915.4472213258205,15677.326039572414,0.9748603351955307
fy22,Connecticut,155,77847,2236688000,507289000,133257000,640546000,2376750152.0219855,539055607.1607128,141601597.99131292,680657205.1520257,148,28731.84580009506,8228.268269811297,20503.577530283765,30531.043611468463,8743.525185967675,21787.518425500788,0.9548387096774194
fy22,Georgia,171,208417,2553893000,1542809000,337628000,1880437000,2713818635.4099836,1639420216.5393145,358770378.49126875,1998190595.0305827,31,12253.765287860395,9022.474174371573,3231.291113488822,13021.100176137184,9587.464530391391,3433.6356457457932,0.18128654970760233
fy22,Idaho,91,30702,289014000,4805000,55195000,60000000,307112153.5218509,5105890.710043437,58651329.39455723,63757220.104600675,91,9413.523548954465,1954.2700801250733,7459.253468829392,10003.001547842188,2076.6471273728316,7926.354420469357,1
fy22,Iowa,271,63087,910804000,2807000,31248000,34055000,967838851.6691786,2982775.2805602364,33204760.23047604,36187535.511036254,271,14437.269167974384,539.8101035078543,13897.45906446653,15341.335800865132,573.6131930672921,14767.72260779784,1
fy22,Maine,169,31303,527313000,4856000,46008000,50864000,560333516.7502885,5160084.347132347,48889036.37620781,54049120.72334013,169,16845.446123374757,1624.892182857873,15220.553940516884,17900.313604136616,1726.6434758119071,16173.67012832471,1
fy22,Maryland,24,99711,1640346000,424497000,223925000,648422000,1743065016.1616883,451079144.37904465,237947258.53204516,689026402.9110898,24,16451.003399825495,6503.013709620805,9947.98969020469,17481.170745070136,6910.234607125491,10570.936137944645,1
fy22,Mississippi,129,61773,483307000,4714000,121877000,126591000,513571846.284904,5009192.259551458,129508978.5781403,134518170.83769178,129,7823.919835526848,2049.293380603176,5774.626454923672,8313.856317240607,2177.620818766966,6136.235498473641,1
fy22,Missouri,418,99062,1203399000,190282000,155020000,345302000,1278756248.61094,202197522.5990604,164727404.34358653,366924926.94264734,400,12147.937655205831,3485.7160162322584,8662.221638973573,12908.645581665422,3703.9927211508684,9204.652860514554,0.9569377990430622
fy22,Montana,212,17037,162823000,36210000,25536000,61746000,173019030.81818986,38477482.333126515,27135072.87651806,65612555.2096446,197,9557.022950049892,3624.2296178904735,5932.793332159418,10155.486929517512,3851.180090957598,6304.3068385599145,0.9292452830188679
fy22,Nebraska,196,47427,613879000,215739000,85876000,301615000,652320308.6765361,229248648.46910736,91253583.8950448,320502232.36415243,38,12943.660783941637,6359.563118055116,6584.097665886521,13754.19715935092,6757.801091449015,6996.396067901906,0.19387755102040816
fy22,Nevada,17,52544,714787000,578443000,81375000,659818000,759547201.4484533,614665294.4827589,86470729.76686466,701136024.2496238,11,13603.5893727162,12557.437576126675,1046.1517965895255,14455.450697481221,13343.7885248482,1111.6621726330213,0.6470588235294118
fy22,New Jersey,507,215109,4129744000,1392898000,391765000,1784663000,4388349953.060901,1480121739.487634,416297455.57131463,1896419195.0589495,277,19198.37849648318,8296.551980623777,10901.826515859402,20400.587390861845,8816.084845631514,11584.50254523033,0.5463510848126233
fy22,North Dakota,90,13560,206104000,6466000,22502000,28968000,219010301.5406437,6870903.0866058,23911082.77989541,30781985.866501212,89,15199.410029498526,2136.283185840708,13063.126843657818,16151.202178513546,2270.0579547567268,13881.144223756819,0.9888888888888889
fy22,South Dakota,122,19487,243796000,61035000,38699000,99734000,259062587.21035385,64857032.151405044,41122344.34713237,105979376.49853745,120,12510.699440652743,5117.97608662185,7392.723354030893,13294.123631670029,5438.465464080538,7855.65816758949,0.9836065573770492
fy22,Utah,40,70101,547170000,368207000,114893000,483100000,581433968.7439059,391264245.7175783,122087638.15796483,513351883.8755432,5,7805.452133350452,6891.485142865295,913.9669904851571,8294.232161365828,7323.032251687468,971.1999096783602,0.125
fy22,Virginia,130,161306,2804184000,525588000,281178000,806766000,2979782941.696659,558500496.6722813,298785460.5761902,857285957.2484713,127,17384.251050797862,5001.463057790783,12382.78799300708,18472.858676655916,5314.656350343268,13158.202326312648,0.9769230769230769
fy22,Washington,236,134737,2469722000,1733833000,259373000,1993206000,2624376819.186243,1842406203.4270027,275615024.1698433,2118021227.5968447,144,18329.946488343958,14793.308445341665,3536.6380430022928,19477.77387938163,15719.670377081608,3758.103502300024,0.6101694915254238
fy22,West Virginia,53,42005,439593000,5684000,77905000,83589000,467120460.95736206,6039933.984575836,82783437.20414858,88823371.18872444,53,10465.254136412332,1989.9773836448041,8475.276752767528,11120.59185709706,2114.590434203653,9006.001422893409,1
fy23,Alabama,131,93256,875977000,1081000,187346000,188427000,875977000,1081000,187346000,188427000,131,9393.25083640731,2020.5348717508793,7372.71596465643,9393.25083640731,2020.5348717508793,7372.71596465643,1
fy23,Arkansas,233,66846,508731000,324000000,127827000,451827000,508731000,324000000,127827000,451827000,39,7610.492774436765,6759.222690961314,851.2700834754514,7610.492774436765,6759.222690961314,851.2700834754514,0.16738197424892703
fy23,California,719,695764,15659682000,2902399000,1596871000,4499270000,15659682000,2902399000,1596871000,4499270000,703,22507.174846643404,6466.661109226692,16040.513737416712,22507.174846643404,6466.661109226692,16040.513737416712,0.9777468706536857
fy23,Connecticut,161,81613,2398944000,527667000,156494000,684161000,2398944000,527667000,156494000,684161000,151,29394.140639358924,8382.990454952029,21011.150184406895,29394.140639358924,8382.990454952029,21011.150184406895,0.937888198757764
fy23,Georgia,169,213236,2834965000,1654634000,368216000,2022850000,2834965000,1654634000,368216000,2022850000,24,13294.964264945882,9486.437562137726,3808.526702808156,13294.964264945882,9486.437562137726,3808.526702808156,0.14201183431952663
fy23,Idaho,88,32086,316633000,4397000,58453000,62850000,316633000,4397000,58453000,62850000,88,9868.26030044256,1958.7982297575265,7909.462070685034,9868.26030044256,1958.7982297575265,7909.462070685034,1
fy23,Iowa,281,64661,968253000,2487000,26601000,29088000,968253000,2487000,26601000,29088000,281,14974.2967167226,449.8538531727007,14524.442863549899,14974.2967167226,449.8538531727007,14524.442863549899,1
fy23,Maine,128,21193,385002000,2959000,37108000,40067000,385002000,2959000,37108000,40067000,127,18166.470060869156,1890.5770773368565,16275.8929835323,18166.470060869156,1890.5770773368565,16275.8929835323,0.9921875
fy23,Maryland,24,103287,1798677000,420830000,250517000,671347000,1798677000,420830000,250517000,671347000,23,17414.359987220076,6499.82088743017,10914.539099789905,17414.359987220076,6499.82088743017,10914.539099789905,0.9583333333333334
fy23,Mississippi,136,64693,542000000,4291000,133969000,138260000,542000000,4291000,133969000,138260000,136,8378.031626296508,2137.1709458519467,6240.860680444561,8378.031626296508,2137.1709458519467,6240.860680444561,1
fy23,Missouri,415,99765,1289598000,189909000,141546000,331455000,1289598000,189909000,141546000,331455000,397,12926.356938806195,3322.357540219516,9603.999398586679,12926.356938806195,3322.357540219516,9603.999398586679,0.9566265060240964
fy23,Montana,221,18126,165137000,36184000,27365000,63549000,165137000,36184000,27365000,63549000,202,9110.504248041487,3505.958291956306,5604.545956085181,9110.504248041487,3505.958291956306,5604.545956085181,0.9140271493212669
fy23,Nebraska,197,49152,653030000,220947000,71526000,292473000,653030000,220947000,71526000,292473000,42,13285.929361979166,5950.37841796875,7335.550944010416,13285.929361979166,5950.37841796875,7335.550944010416,0.2131979695431472
fy23,Nevada,16,53571,701820000,568229000,79692000,647921000,701820000,568229000,79692000,647921000,10,13100.744805958448,12094.622090310057,1006.122715648391,13100.744805958448,12094.622090310057,1006.122715648391,0.625
fy23,New Jersey,509,217980,4398331000,1451721000,389068000,1840789000,4398331000,1451721000,389068000,1840789000,283,20177.681438664098,8444.760987246536,11732.920451417562,20177.681438664098,8444.760987246536,11732.920451417562,0.555992141453831
fy23,North Dakota,98,14336,217766000,7069000,24407000,31476000,217766000,7069000,24407000,31476000,95,15190.150669642857,2195.5915178571427,12994.559151785714,15190.150669642857,2195.5915178571427,12994.559151785714,0.9693877551020408
fy23,South Dakota,111,20075,258397000,70578000,37468000,108046000,258397000,70578000,37468000,108046000,108,12871.581569115815,5382.11706102117,7489.464508094645,12871.581569115815,5382.11706102117,7489.464508094645,0.972972972972973
fy23,Utah,39,72124,585821000,408148000,107907000,516055000,585821000,408148000,107907000,516055000,5,8122.41417558649,7155.107869779824,967.3063058066664,8122.41417558649,7155.107869779824,967.3063058066664,0.1282051282051282
fy23,Virginia,129,164910,3013134000,554652000,313413000,868065000,3013134000,554652000,313413000,868065000,125,18271.384391486266,5263.871202474077,13007.513189012188,18271.384391486266,5263.871202474077,13007.513189012188,0.9689922480620154
fy23,Washington,240,138367,2739573000,1928418000,260472000,2188890000,2739573000,1928418000,260472000,2188890000,137,19799.323538126864,15819.451169715323,3979.872368411541,19799.323538126864,15819.451169715323,3979.872368411541,0.5708333333333333
fy23,West Virginia,54,42893,474255000,5313000,82924000,88237000,474255000,5313000,82924000,88237000,54,11056.699228312313,2057.142191033502,8999.55703727881,11056.699228312313,2057.142191033502,8999.55703727881,1
